locus;freq;genome.region
7;3;Capsid
8;3;Capsid
9;4;Capsid
10;4;Capsid
11;4;Capsid
12;5;Capsid
13;5;Capsid
14;5;Capsid
15;5;Capsid
16;4;Capsid
17;4;Capsid
18;5;Capsid
19;6;Capsid
20;6;Capsid
21;7;Capsid
22;6;Capsid
23;7;Capsid
24;8;Capsid
25;8;Capsid
26;8;Capsid
27;6;Capsid
28;5;Capsid
29;5;Capsid
30;5;Capsid
31;5;Capsid
32;5;Capsid
33;4;Capsid
34;4;Capsid
35;4;Capsid
36;4;Capsid
37;4;Capsid
38;4;Capsid
39;2;Capsid
40;3;Capsid
41;3;Capsid
42;3;Capsid
43;3;Capsid
44;6;Capsid
45;8;Capsid
46;11;Capsid
47;13;Capsid
48;14;Capsid
49;15;Capsid
50;16;Capsid
51;16;Capsid
52;16;Capsid
53;15;Capsid
54;14;Capsid
55;12;Capsid
56;12;Capsid
57;13;Capsid
58;13;Capsid
59;11;Capsid
60;10;Capsid
61;9;Capsid
62;9;Capsid
63;6;Capsid
64;7;Capsid
65;6;Capsid
66;6;Capsid
67;7;Capsid
68;8;Capsid
69;8;Capsid
70;9;Capsid
71;11;Capsid
72;10;Capsid
73;11;Capsid
74;10;Capsid
75;14;Capsid
76;18;Capsid
77;18;Capsid
78;18;Capsid
79;18;Capsid
80;20;Capsid
81;20;Capsid
82;19;Capsid
83;20;Capsid
84;18;Capsid
85;13;Capsid
86;9;Capsid
87;12;Capsid
88;12;Capsid
89;14;Capsid
90;16;Capsid
91;16;Capsid
92;14;Capsid
93;14;Capsid
94;16;Capsid
95;14;Capsid
96;13;Capsid
97;12;Capsid
98;10;Capsid
99;8;Capsid
100;9;Capsid
101;9;Capsid
102;9;Capsid
103;8;Capsid
104;8;Capsid
105;10;Capsid
106;12;Capsid
107;12;Capsid
108;12;Capsid
109;10;Capsid
110;12;Capsid
111;14;Capsid
112;10;Capsid
113;10;Capsid
114;10;Capsid
115;6;Capsid
116;7;Capsid
117;7;Capsid
118;6;Capsid
119;6;Capsid
120;2;Capsid
121;2;Capsid
122;2;Capsid
123;2;Capsid
124;4;Capsid
125;4;Capsid
126;2;Capsid
127;2;Capsid
128;2;Capsid
129;3;Capsid
130;4;Capsid
131;4;Capsid
132;4;Capsid
133;2;Capsid
134;2;Capsid
135;2;Capsid
136;2;Capsid
137;2;Capsid
138;2;Capsid
141;2;Capsid
142;2;Capsid
143;2;Capsid
144;2;Capsid
145;2;Capsid
146;2;Capsid
147;2;Capsid
148;2;Capsid
149;2;Capsid
150;1;Capsid
151;1;Capsid
152;1;Capsid
153;1;Capsid
154;1;Capsid
155;2;Capsid
156;2;Capsid
157;2;Capsid
158;2;Capsid
159;2;Capsid
160;4;Capsid
161;4;Capsid
162;6;Capsid
163;6;Capsid
164;6;Capsid
165;4;Capsid
166;5;Capsid
167;5;Capsid
168;5;Capsid
169;4;Capsid
170;3;Capsid
171;1;Capsid
172;2;Capsid
173;2;Capsid
174;2;Capsid
175;2;Capsid
176;1;Capsid
177;2;Capsid
178;2;Capsid
179;2;Capsid
180;3;Capsid
181;4;Capsid
182;5;Capsid
183;7;Capsid
184;8;Capsid
185;8;Capsid
186;8;Capsid
187;8;Capsid
188;8;Capsid
189;8;Capsid
190;8;Capsid
191;5;Capsid
192;4;Capsid
193;1;Capsid
194;1;Capsid
200;1;Capsid
201;1;Capsid
202;1;Capsid
203;1;Capsid
204;1;Capsid
205;1;Capsid
206;1;Membrane
207;1;Membrane
208;1;Membrane
216;1;Membrane
217;2;Membrane
218;2;Membrane
219;2;Membrane
220;4;Membrane
221;4;Membrane
222;4;Membrane
223;4;Membrane
224;5;Membrane
225;4;Membrane
226;4;Membrane
227;4;Membrane
228;4;Membrane
229;2;Membrane
230;2;Membrane
231;2;Membrane
232;3;Membrane
233;3;Membrane
234;2;Membrane
235;2;Membrane
236;2;Membrane
237;3;Membrane
238;4;Membrane
239;4;Membrane
240;6;Membrane
241;6;Membrane
242;6;Membrane
243;7;Membrane
244;7;Membrane
245;7;Membrane
246;9;Membrane
247;9;Membrane
248;11;Membrane
249;11;Membrane
250;11;Membrane
251;10;Membrane
252;11;Membrane
253;11;Membrane
254;12;Membrane
255;12;Membrane
256;10;Membrane
257;8;Membrane
258;7;Membrane
259;7;Membrane
260;8;Membrane
261;6;Membrane
262;9;Membrane
263;8;Membrane
264;11;Membrane
265;12;Membrane
266;13;Membrane
267;14;Membrane
268;14;Membrane
269;15;Membrane
270;16;Membrane
271;16;Membrane
272;17;Membrane
273;17;Membrane
274;15;Membrane
275;15;Membrane
276;15;Membrane
277;13;Membrane
278;12;Membrane
279;10;Membrane
280;11;Envelope
281;8;Envelope
282;5;Envelope
283;4;Envelope
284;2;Envelope
285;1;Envelope
286;1;Envelope
287;1;Envelope
288;1;Envelope
289;1;Envelope
290;2;Envelope
291;3;Envelope
292;3;Envelope
293;4;Envelope
294;4;Envelope
295;4;Envelope
296;4;Envelope
297;4;Envelope
298;4;Envelope
299;4;Envelope
300;1;Envelope
301;1;Envelope
302;1;Envelope
303;1;Envelope
304;1;Envelope
305;1;Envelope
306;1;Envelope
307;1;Envelope
308;1;Envelope
309;1;Envelope
310;1;Envelope
314;1;Envelope
315;1;Envelope
316;1;Envelope
317;1;Envelope
318;1;Envelope
319;1;Envelope
320;1;Envelope
321;1;Envelope
322;1;Envelope
325;2;Envelope
326;2;Envelope
327;4;Envelope
328;5;Envelope
329;5;Envelope
330;7;Envelope
331;8;Envelope
332;9;Envelope
333;9;Envelope
334;9;Envelope
335;8;Envelope
336;8;Envelope
337;6;Envelope
338;6;Envelope
339;5;Envelope
340;4;Envelope
341;3;Envelope
342;3;Envelope
343;4;Envelope
344;5;Envelope
345;4;Envelope
346;4;Envelope
347;4;Envelope
348;4;Envelope
349;4;Envelope
350;3;Envelope
351;2;Envelope
352;2;Envelope
353;1;Envelope
354;1;Envelope
355;1;Envelope
356;1;Envelope
357;1;Envelope
358;1;Envelope
359;1;Envelope
360;2;Envelope
361;2;Envelope
362;2;Envelope
363;2;Envelope
364;2;Envelope
365;2;Envelope
366;2;Envelope
367;2;Envelope
368;2;Envelope
369;2;Envelope
370;1;Envelope
378;1;Envelope
379;2;Envelope
380;2;Envelope
381;2;Envelope
382;2;Envelope
383;2;Envelope
384;2;Envelope
385;3;Envelope
386;3;Envelope
387;3;Envelope
388;1;Envelope
389;1;Envelope
390;1;Envelope
391;1;Envelope
392;1;Envelope
393;1;Envelope
403;1;Envelope
404;1;Envelope
405;1;Envelope
406;1;Envelope
407;1;Envelope
408;2;Envelope
409;4;Envelope
410;4;Envelope
411;5;Envelope
412;5;Envelope
413;6;Envelope
414;7;Envelope
415;7;Envelope
416;7;Envelope
417;6;Envelope
418;5;Envelope
419;4;Envelope
420;4;Envelope
421;3;Envelope
422;3;Envelope
423;2;Envelope
424;2;Envelope
425;2;Envelope
426;2;Envelope
427;1;Envelope
434;2;Envelope
435;2;Envelope
436;2;Envelope
437;2;Envelope
438;3;Envelope
439;3;Envelope
440;3;Envelope
441;3;Envelope
442;3;Envelope
443;3;Envelope
444;3;Envelope
445;3;Envelope
446;3;Envelope
447;3;Envelope
448;4;Envelope
449;4;Envelope
450;4;Envelope
451;4;Envelope
452;4;Envelope
453;2;Envelope
454;3;Envelope
455;3;Envelope
456;3;Envelope
457;2;Envelope
458;1;Envelope
459;2;Envelope
460;2;Envelope
461;2;Envelope
462;2;Envelope
463;1;Envelope
464;2;Envelope
465;2;Envelope
466;2;Envelope
467;2;Envelope
468;1;Envelope
469;1;Envelope
470;1;Envelope
471;1;Envelope
472;2;Envelope
473;2;Envelope
474;4;Envelope
475;5;Envelope
476;5;Envelope
477;7;Envelope
478;8;Envelope
479;9;Envelope
480;9;Envelope
481;10;Envelope
482;9;Envelope
483;9;Envelope
484;10;Envelope
485;11;Envelope
486;10;Envelope
487;7;Envelope
488;6;Envelope
489;5;Envelope
490;4;Envelope
491;4;Envelope
492;6;Envelope
493;5;Envelope
494;3;Envelope
495;6;Envelope
496;6;Envelope
497;6;Envelope
498;6;Envelope
499;7;Envelope
500;7;Envelope
501;7;Envelope
502;6;Envelope
503;6;Envelope
504;6;Envelope
505;6;Envelope
506;6;Envelope
507;7;Envelope
508;7;Envelope
509;6;Envelope
510;6;Envelope
511;6;Envelope
512;6;Envelope
513;6;Envelope
514;4;Envelope
515;4;Envelope
516;4;Envelope
517;6;Envelope
518;7;Envelope
519;7;Envelope
520;6;Envelope
521;6;Envelope
522;6;Envelope
523;7;Envelope
524;7;Envelope
525;7;Envelope
526;5;Envelope
527;3;Envelope
528;2;Envelope
529;2;Envelope
530;1;Envelope
531;2;Envelope
532;2;Envelope
533;2;Envelope
534;2;Envelope
535;3;Envelope
536;3;Envelope
537;3;Envelope
538;5;Envelope
539;5;Envelope
540;5;Envelope
541;4;Envelope
542;4;Envelope
543;4;Envelope
544;3;Envelope
545;3;Envelope
546;3;Envelope
556;1;Envelope
557;1;Envelope
558;1;Envelope
559;1;Envelope
560;1;Envelope
561;2;Envelope
562;2;Envelope
563;2;Envelope
564;2;Envelope
565;3;Envelope
566;2;Envelope
567;2;Envelope
568;3;Envelope
569;4;Envelope
570;5;Envelope
571;4;Envelope
572;5;Envelope
573;5;Envelope
574;4;Envelope
575;5;Envelope
576;7;Envelope
577;7;Envelope
578;8;Envelope
579;6;Envelope
580;6;Envelope
581;5;Envelope
582;5;Envelope
583;5;Envelope
584;5;Envelope
585;3;Envelope
586;1;Envelope
587;1;Envelope
589;1;Envelope
590;1;Envelope
591;1;Envelope
592;2;Envelope
593;3;Envelope
594;3;Envelope
595;3;Envelope
596;3;Envelope
597;4;Envelope
598;3;Envelope
599;3;Envelope
600;3;Envelope
601;2;Envelope
602;2;Envelope
603;2;Envelope
604;2;Envelope
605;2;Envelope
606;1;Envelope
607;1;Envelope
608;1;Envelope
609;1;Envelope
610;1;Envelope
619;1;Envelope
620;1;Envelope
621;1;Envelope
622;1;Envelope
623;2;Envelope
624;2;Envelope
625;2;Envelope
626;2;Envelope
627;2;Envelope
628;3;Envelope
629;4;Envelope
630;5;Envelope
631;8;Envelope
632;8;Envelope
633;8;Envelope
634;9;Envelope
635;10;Envelope
636;10;Envelope
637;12;Envelope
638;10;Envelope
639;11;Envelope
640;9;Envelope
641;7;Envelope
642;7;Envelope
643;8;Envelope
644;6;Envelope
645;6;Envelope
646;6;Envelope
647;4;Envelope
648;4;Envelope
649;2;Envelope
650;2;Envelope
651;3;Envelope
652;3;Envelope
653;2;Envelope
654;3;Envelope
655;3;Envelope
656;3;Envelope
657;4;Envelope
658;4;Envelope
659;4;Envelope
660;3;Envelope
661;3;Envelope
662;4;Envelope
663;7;Envelope
664;9;Envelope
665;10;Envelope
666;10;Envelope
667;8;Envelope
668;8;Envelope
669;7;Envelope
670;7;Envelope
671;7;Envelope
672;6;Envelope
673;3;Envelope
674;2;Envelope
675;2;Envelope
676;4;Envelope
677;8;Envelope
678;8;Envelope
679;11;Envelope
680;10;Envelope
681;12;Envelope
682;14;Envelope
683;14;Envelope
684;13;Envelope
685;14;Envelope
686;10;Envelope
687;8;Envelope
688;7;Envelope
689;6;Envelope
690;7;Envelope
691;7;Envelope
692;7;Envelope
693;8;Envelope
694;7;Envelope
695;7;Envelope
696;7;Envelope
697;6;Envelope
698;6;Envelope
699;6;Envelope
700;5;Envelope
701;6;Envelope
702;5;Envelope
703;5;Envelope
704;6;Envelope
705;5;Envelope
706;6;Envelope
707;6;Envelope
708;7;Envelope
709;6;Envelope
710;7;Envelope
711;7;Envelope
712;7;Envelope
713;7;Envelope
714;8;Envelope
715;8;Envelope
716;7;Envelope
717;7;Envelope
718;8;Envelope
719;6;Envelope
720;4;Envelope
721;5;Envelope
722;5;Envelope
723;6;Envelope
724;5;Envelope
725;7;Envelope
726;10;Envelope
727;9;Envelope
728;10;Envelope
729;14;Envelope
730;15;Envelope
731;19;Envelope
732;22;Envelope
733;23;Envelope
734;24;Envelope
735;22;Envelope
736;22;Envelope
737;22;Envelope
738;22;Envelope
739;21;Envelope
740;21;Envelope
741;17;Envelope
742;15;Envelope
743;11;Envelope
744;8;Envelope
745;6;Envelope
746;2;Envelope
747;2;Envelope
748;2;Envelope
749;1;Envelope
751;1;Envelope
752;2;Envelope
753;3;Envelope
754;4;Envelope
755;4;Envelope
756;5;Envelope
757;5;Envelope
758;6;Envelope
759;9;Envelope
760;8;Envelope
761;8;Envelope
762;7;Envelope
763;6;Envelope
764;7;Envelope
765;6;Envelope
766;6;Envelope
767;6;Envelope
768;5;Envelope
769;5;Envelope
770;7;Envelope
771;8;Envelope
772;9;Envelope
773;8;Envelope
774;8;Envelope
775;8;NS1
776;8;NS1
777;7;NS1
778;7;NS1
779;7;NS1
780;5;NS1
781;3;NS1
782;3;NS1
783;1;NS1
784;1;NS1
785;1;NS1
786;1;NS1
787;1;NS1
788;1;NS1
793;1;NS1
794;3;NS1
795;3;NS1
796;3;NS1
797;3;NS1
798;4;NS1
799;4;NS1
800;4;NS1
801;4;NS1
802;4;NS1
803;1;NS1
804;1;NS1
805;2;NS1
806;2;NS1
807;3;NS1
808;4;NS1
809;4;NS1
810;4;NS1
811;5;NS1
812;7;NS1
813;7;NS1
814;7;NS1
815;8;NS1
816;9;NS1
817;8;NS1
818;8;NS1
819;8;NS1
820;9;NS1
821;7;NS1
822;6;NS1
823;6;NS1
824;4;NS1
825;4;NS1
826;2;NS1
827;2;NS1
828;2;NS1
834;4;NS1
835;4;NS1
836;5;NS1
837;6;NS1
838;6;NS1
839;7;NS1
840;8;NS1
841;10;NS1
842;10;NS1
843;10;NS1
844;8;NS1
845;10;NS1
846;8;NS1
847;9;NS1
848;9;NS1
849;9;NS1
850;8;NS1
851;8;NS1
852;8;NS1
853;7;NS1
854;6;NS1
855;4;NS1
856;2;NS1
857;2;NS1
858;2;NS1
859;2;NS1
860;2;NS1
861;1;NS1
862;1;NS1
873;2;NS1
874;2;NS1
875;2;NS1
876;2;NS1
877;4;NS1
878;5;NS1
879;5;NS1
880;8;NS1
881;10;NS1
882;10;NS1
883;10;NS1
884;10;NS1
885;10;NS1
886;10;NS1
887;8;NS1
888;7;NS1
889;7;NS1
890;3;NS1
891;3;NS1
892;3;NS1
893;1;NS1
894;3;NS1
895;3;NS1
896;3;NS1
897;3;NS1
898;5;NS1
899;8;NS1
900;8;NS1
901;8;NS1
902;10;NS1
903;10;NS1
904;10;NS1
905;10;NS1
906;10;NS1
907;11;NS1
908;7;NS1
909;5;NS1
910;5;NS1
911;5;NS1
912;5;NS1
913;7;NS1
914;7;NS1
915;8;NS1
916;8;NS1
917;7;NS1
918;7;NS1
919;7;NS1
920;7;NS1
921;7;NS1
922;6;NS1
923;6;NS1
924;5;NS1
925;5;NS1
926;5;NS1
927;4;NS1
928;4;NS1
929;5;NS1
930;5;NS1
931;5;NS1
932;5;NS1
933;4;NS1
934;6;NS1
935;6;NS1
936;8;NS1
937;9;NS1
938;8;NS1
939;8;NS1
940;8;NS1
941;8;NS1
942;8;NS1
943;8;NS1
944;9;NS1
945;7;NS1
946;5;NS1
947;3;NS1
948;3;NS1
949;2;NS1
950;3;NS1
951;3;NS1
952;3;NS1
953;2;NS1
954;1;NS1
955;1;NS1
956;1;NS1
957;1;NS1
958;2;NS1
959;1;NS1
960;1;NS1
961;1;NS1
962;1;NS1
963;1;NS1
964;1;NS1
965;1;NS1
966;1;NS1
969;1;NS1
970;1;NS1
971;1;NS1
972;2;NS1
973;2;NS1
974;2;NS1
975;2;NS1
976;3;NS1
977;4;NS1
978;4;NS1
979;4;NS1
980;4;NS1
981;3;NS1
982;3;NS1
983;3;NS1
984;3;NS1
985;2;NS1
986;3;NS1
987;2;NS1
988;2;NS1
989;2;NS1
990;4;NS1
991;4;NS1
992;4;NS1
993;4;NS1
994;4;NS1
995;3;NS1
996;4;NS1
997;5;NS1
998;6;NS1
999;5;NS1
1000;4;NS1
1001;5;NS1
1002;4;NS1
1003;4;NS1
1004;4;NS1
1005;4;NS1
1006;2;NS1
1007;1;NS1
1008;1;NS1
1009;1;NS1
1012;2;NS1
1013;2;NS1
1014;2;NS1
1015;3;NS1
1016;3;NS1
1017;5;NS1
1018;5;NS1
1019;5;NS1
1020;5;NS1
1021;6;NS1
1022;5;NS1
1023;5;NS1
1024;4;NS1
1025;5;NS1
1026;4;NS1
1027;4;NS1
1028;4;NS1
1029;4;NS1
1030;4;NS1
1031;2;NS1
1032;2;NS1
1033;3;NS1
1034;4;NS1
1035;2;NS1
1036;2;NS1
1037;3;NS1
1038;4;NS1
1039;4;NS1
1040;5;NS1
1041;5;NS1
1042;5;NS1
1043;3;NS1
1044;3;NS1
1045;3;NS1
1046;3;NS1
1047;1;NS1
1048;1;NS1
1049;1;NS1
1076;1;NS1
1077;2;NS1
1078;2;NS1
1079;2;NS1
1080;3;NS1
1081;3;NS1
1082;3;NS1
1083;3;NS1
1084;3;NS1
1085;3;NS1
1086;1;NS1
1087;2;NS1
1088;4;NS1
1089;3;NS1
1090;3;NS1
1091;3;NS1
1092;4;NS1
1093;4;NS1
1094;4;NS1
1095;4;NS1
1096;5;NS1
1097;5;NS1
1098;4;NS1
1099;4;NS1
1100;4;NS1
1101;3;NS1
1102;3;NS1
1103;3;NS1
1104;4;NS1
1105;4;NS1
1106;2;NS1
1107;1;NS1
1108;1;NS1
1109;1;NS1
1110;2;NS1
1111;2;NS1
1112;2;NS1
1113;2;NS1
1114;2;NS1
1115;3;NS1
1116;3;NS1
1117;3;NS1
1118;3;NS1
1119;3;NS1
1120;2;NS1
1121;1;NS1
1122;1;NS1
1123;1;NS1
1124;1;NS1
1130;1;NS2A
1131;3;NS2A
1132;4;NS2A
1133;4;NS2A
1134;5;NS2A
1135;5;NS2A
1136;6;NS2A
1137;7;NS2A
1138;7;NS2A
1139;7;NS2A
1140;5;NS2A
1141;5;NS2A
1142;5;NS2A
1143;5;NS2A
1144;4;NS2A
1145;3;NS2A
1146;3;NS2A
1147;6;NS2A
1148;9;NS2A
1149;9;NS2A
1150;9;NS2A
1151;8;NS2A
1152;8;NS2A
1153;9;NS2A
1154;10;NS2A
1155;10;NS2A
1156;10;NS2A
1157;10;NS2A
1158;10;NS2A
1159;10;NS2A
1160;11;NS2A
1161;11;NS2A
1162;8;NS2A
1163;6;NS2A
1164;6;NS2A
1165;7;NS2A
1166;7;NS2A
1167;7;NS2A
1168;7;NS2A
1169;6;NS2A
1170;5;NS2A
1171;3;NS2A
1172;3;NS2A
1173;4;NS2A
1174;4;NS2A
1175;4;NS2A
1176;3;NS2A
1177;2;NS2A
1178;2;NS2A
1179;2;NS2A
1180;2;NS2A
1181;2;NS2A
1182;2;NS2A
1183;2;NS2A
1184;2;NS2A
1185;1;NS2A
1186;1;NS2A
1187;1;NS2A
1194;3;NS2A
1195;3;NS2A
1196;4;NS2A
1197;6;NS2A
1198;7;NS2A
1199;8;NS2A
1200;10;NS2A
1201;10;NS2A
1202;10;NS2A
1203;12;NS2A
1204;15;NS2A
1205;16;NS2A
1206;14;NS2A
1207;14;NS2A
1208;16;NS2A
1209;15;NS2A
1210;15;NS2A
1211;17;NS2A
1212;23;NS2A
1213;22;NS2A
1214;23;NS2A
1215;23;NS2A
1216;25;NS2A
1217;22;NS2A
1218;18;NS2A
1219;16;NS2A
1220;13;NS2A
1221;12;NS2A
1222;10;NS2A
1223;11;NS2A
1224;11;NS2A
1225;11;NS2A
1226;13;NS2A
1227;12;NS2A
1228;12;NS2A
1229;10;NS2A
1230;8;NS2A
1231;8;NS2A
1232;9;NS2A
1233;10;NS2A
1234;10;NS2A
1235;9;NS2A
1236;8;NS2A
1237;8;NS2A
1238;7;NS2A
1239;7;NS2A
1240;7;NS2A
1241;7;NS2A
1242;5;NS2A
1243;6;NS2A
1244;8;NS2A
1245;9;NS2A
1246;12;NS2A
1247;15;NS2A
1248;17;NS2A
1249;16;NS2A
1250;14;NS2A
1251;15;NS2A
1252;16;NS2A
1253;17;NS2A
1254;16;NS2A
1255;14;NS2A
1256;12;NS2A
1257;10;NS2A
1258;8;NS2A
1259;7;NS2A
1260;6;NS2A
1261;6;NS2A
1262;6;NS2A
1263;4;NS2A
1264;4;NS2A
1265;4;NS2A
1266;2;NS2A
1267;2;NS2A
1268;3;NS2A
1269;4;NS2A
1270;4;NS2A
1271;4;NS2A
1272;5;NS2A
1273;6;NS2A
1274;9;NS2A
1275;11;NS2A
1276;12;NS2A
1277;14;NS2A
1278;14;NS2A
1279;16;NS2A
1280;17;NS2A
1281;16;NS2A
1282;18;NS2A
1283;21;NS2A
1284;24;NS2A
1285;25;NS2A
1286;25;NS2A
1287;25;NS2A
1288;25;NS2A
1289;22;NS2A
1290;20;NS2A
1291;20;NS2A
1292;18;NS2A
1293;17;NS2A
1294;18;NS2A
1295;17;NS2A
1296;18;NS2A
1297;16;NS2A
1298;15;NS2A
1299;14;NS2A
1300;12;NS2A
1301;10;NS2A
1302;9;NS2A
1303;8;NS2A
1304;6;NS2A
1305;7;NS2A
1306;6;NS2A
1307;6;NS2A
1308;4;NS2A
1309;4;NS2A
1310;4;NS2A
1311;5;NS2A
1312;4;NS2A
1313;4;NS2A
1314;3;NS2A
1315;3;NS2A
1316;5;NS2A
1317;5;NS2A
1318;6;NS2A
1319;6;NS2A
1320;7;NS2A
1321;7;NS2A
1322;7;NS2A
1323;8;NS2A
1324;11;NS2A
1325;11;NS2A
1326;10;NS2A
1327;10;NS2A
1328;9;NS2A
1329;9;NS2A
1330;11;NS2A
1331;12;NS2A
1332;13;NS2A
1333;12;NS2A
1334;12;NS2A
1335;15;NS2A
1336;15;NS2A
1337;16;NS2A
1338;15;NS2A
1339;13;NS2A
1340;15;NS2A
1341;16;NS2A
1342;15;NS2A
1343;15;NS2A
1344;12;NS2A
1345;10;NS2B
1346;9;NS2B
1347;6;NS2B
1348;6;NS2B
1349;5;NS2B
1350;2;NS2B
1351;4;NS2B
1352;7;NS2B
1353;7;NS2B
1354;8;NS2B
1355;8;NS2B
1356;10;NS2B
1357;11;NS2B
1358;11;NS2B
1359;12;NS2B
1360;13;NS2B
1361;11;NS2B
1362;10;NS2B
1363;11;NS2B
1364;11;NS2B
1365;10;NS2B
1366;8;NS2B
1367;7;NS2B
1368;4;NS2B
1369;3;NS2B
1370;3;NS2B
1371;2;NS2B
1372;2;NS2B
1373;2;NS2B
1374;4;NS2B
1375;3;NS2B
1376;5;NS2B
1377;6;NS2B
1378;6;NS2B
1379;6;NS2B
1380;6;NS2B
1381;7;NS2B
1382;7;NS2B
1383;6;NS2B
1384;5;NS2B
1385;4;NS2B
1386;3;NS2B
1387;1;NS2B
1388;1;NS2B
1389;1;NS2B
1390;1;NS2B
1391;1;NS2B
1392;1;NS2B
1393;2;NS2B
1394;2;NS2B
1395;2;NS2B
1396;1;NS2B
1397;2;NS2B
1398;2;NS2B
1399;2;NS2B
1400;2;NS2B
1401;2;NS2B
1402;2;NS2B
1403;2;NS2B
1404;2;NS2B
1405;2;NS2B
1406;1;NS2B
1407;1;NS2B
1413;1;NS2B
1414;1;NS2B
1415;1;NS2B
1416;1;NS2B
1417;1;NS2B
1418;1;NS2B
1419;2;NS2B
1420;2;NS2B
1421;2;NS2B
1422;1;NS2B
1423;1;NS2B
1424;1;NS2B
1425;1;NS2B
1426;1;NS2B
1427;1;NS2B
1428;1;NS2B
1433;4;NS2B
1434;6;NS2B
1435;8;NS2B
1436;9;NS2B
1437;9;NS2B
1438;9;NS2B
1439;9;NS2B
1440;9;NS2B
1441;10;NS2B
1442;8;NS2B
1443;5;NS2B
1444;5;NS2B
1445;5;NS2B
1446;6;NS2B
1447;7;NS2B
1448;9;NS2B
1449;9;NS2B
1450;9;NS2B
1451;7;NS2B
1452;8;NS2B
1453;8;NS2B
1454;9;NS2B
1455;7;NS2B
1456;9;NS2B
1457;7;NS2B
1458;9;NS2B
1459;9;NS2B
1460;11;NS2B
1461;11;NS2B
1462;13;NS2B
1463;13;NS2B
1464;12;NS2B
1465;12;NS2B
1466;12;NS2B
1467;10;NS2B
1468;9;NS2B
1469;8;NS2B
1470;8;NS2B
1471;7;NS2B
1472;4;NS2B
1473;4;NS2B
1474;4;NS2B
1475;1;NS3
1476;1;NS3
1477;2;NS3
1478;2;NS3
1479;2;NS3
1480;2;NS3
1481;2;NS3
1482;2;NS3
1483;6;NS3
1484;6;NS3
1485;6;NS3
1486;5;NS3
1487;5;NS3
1488;7;NS3
1489;10;NS3
1490;11;NS3
1491;12;NS3
1492;10;NS3
1493;9;NS3
1494;11;NS3
1495;11;NS3
1496;12;NS3
1497;12;NS3
1498;9;NS3
1499;7;NS3
1500;6;NS3
1501;6;NS3
1502;6;NS3
1503;6;NS3
1504;6;NS3
1505;6;NS3
1506;5;NS3
1507;5;NS3
1508;2;NS3
1509;1;NS3
1510;1;NS3
1511;1;NS3
1512;1;NS3
1515;1;NS3
1516;3;NS3
1517;3;NS3
1518;5;NS3
1519;5;NS3
1520;6;NS3
1521;6;NS3
1522;7;NS3
1523;8;NS3
1524;8;NS3
1525;6;NS3
1526;5;NS3
1527;4;NS3
1528;4;NS3
1529;4;NS3
1530;5;NS3
1531;5;NS3
1532;4;NS3
1533;2;NS3
1534;3;NS3
1535;2;NS3
1536;2;NS3
1537;2;NS3
1538;2;NS3
1539;1;NS3
1540;2;NS3
1541;2;NS3
1542;2;NS3
1543;2;NS3
1544;1;NS3
1545;2;NS3
1546;2;NS3
1547;2;NS3
1548;3;NS3
1549;3;NS3
1550;4;NS3
1551;4;NS3
1552;4;NS3
1553;4;NS3
1554;3;NS3
1555;3;NS3
1556;3;NS3
1557;3;NS3
1558;3;NS3
1559;1;NS3
1560;1;NS3
1561;1;NS3
1562;1;NS3
1563;1;NS3
1564;1;NS3
1565;1;NS3
1566;1;NS3
1567;1;NS3
1568;1;NS3
1569;2;NS3
1570;2;NS3
1571;2;NS3
1572;2;NS3
1573;2;NS3
1574;2;NS3
1575;1;NS3
1576;1;NS3
1577;1;NS3
1578;1;NS3
1582;1;NS3
1583;1;NS3
1584;1;NS3
1585;1;NS3
1586;1;NS3
1587;2;NS3
1588;3;NS3
1589;4;NS3
1590;4;NS3
1591;5;NS3
1592;5;NS3
1593;5;NS3
1594;5;NS3
1595;7;NS3
1596;7;NS3
1597;7;NS3
1598;6;NS3
1599;6;NS3
1600;6;NS3
1601;4;NS3
1602;3;NS3
1603;3;NS3
1604;2;NS3
1605;1;NS3
1606;1;NS3
1607;5;NS3
1608;5;NS3
1609;6;NS3
1610;5;NS3
1611;6;NS3
1612;6;NS3
1613;6;NS3
1614;7;NS3
1615;8;NS3
1616;9;NS3
1617;8;NS3
1618;8;NS3
1619;10;NS3
1620;11;NS3
1621;10;NS3
1622;10;NS3
1623;10;NS3
1624;8;NS3
1625;6;NS3
1626;6;NS3
1627;7;NS3
1628;7;NS3
1629;5;NS3
1630;5;NS3
1631;5;NS3
1632;3;NS3
1633;2;NS3
1634;1;NS3
1635;2;NS3
1636;1;NS3
1637;1;NS3
1638;1;NS3
1639;1;NS3
1640;1;NS3
1641;1;NS3
1642;3;NS3
1643;3;NS3
1644;3;NS3
1645;2;NS3
1646;2;NS3
1647;4;NS3
1648;4;NS3
1649;5;NS3
1650;5;NS3
1651;3;NS3
1652;3;NS3
1653;3;NS3
1654;3;NS3
1655;3;NS3
1656;4;NS3
1657;4;NS3
1658;4;NS3
1659;3;NS3
1660;4;NS3
1661;4;NS3
1662;3;NS3
1663;3;NS3
1664;3;NS3
1665;2;NS3
1666;1;NS3
1667;1;NS3
1668;1;NS3
1669;1;NS3
1670;1;NS3
1671;1;NS3
1672;1;NS3
1673;2;NS3
1674;2;NS3
1675;1;NS3
1676;1;NS3
1677;1;NS3
1678;1;NS3
1679;1;NS3
1680;2;NS3
1681;2;NS3
1682;1;NS3
1683;1;NS3
1684;1;NS3
1685;2;NS3
1686;3;NS3
1687;3;NS3
1688;4;NS3
1689;5;NS3
1690;6;NS3
1691;6;NS3
1692;7;NS3
1693;8;NS3
1694;7;NS3
1695;7;NS3
1696;6;NS3
1697;7;NS3
1698;7;NS3
1699;7;NS3
1700;7;NS3
1701;7;NS3
1702;7;NS3
1703;6;NS3
1704;5;NS3
1705;4;NS3
1706;4;NS3
1707;4;NS3
1708;4;NS3
1709;4;NS3
1710;3;NS3
1711;4;NS3
1712;4;NS3
1713;4;NS3
1714;4;NS3
1715;4;NS3
1716;5;NS3
1717;5;NS3
1718;5;NS3
1719;5;NS3
1720;5;NS3
1721;5;NS3
1722;4;NS3
1723;4;NS3
1724;3;NS3
1725;3;NS3
1726;1;NS3
1727;1;NS3
1728;1;NS3
1729;2;NS3
1730;2;NS3
1731;2;NS3
1732;1;NS3
1733;2;NS3
1734;3;NS3
1735;3;NS3
1736;3;NS3
1737;3;NS3
1738;3;NS3
1739;3;NS3
1740;4;NS3
1741;4;NS3
1742;4;NS3
1743;3;NS3
1744;5;NS3
1745;5;NS3
1746;7;NS3
1747;7;NS3
1748;7;NS3
1749;6;NS3
1750;7;NS3
1751;7;NS3
1752;7;NS3
1753;5;NS3
1754;6;NS3
1755;5;NS3
1756;5;NS3
1757;5;NS3
1758;5;NS3
1759;5;NS3
1760;6;NS3
1761;5;NS3
1762;7;NS3
1763;6;NS3
1764;6;NS3
1765;7;NS3
1766;7;NS3
1767;7;NS3
1768;6;NS3
1769;6;NS3
1770;6;NS3
1771;4;NS3
1772;3;NS3
1773;3;NS3
1774;2;NS3
1775;1;NS3
1776;2;NS3
1777;1;NS3
1778;4;NS3
1779;4;NS3
1780;4;NS3
1781;5;NS3
1782;5;NS3
1783;9;NS3
1784;10;NS3
1785;10;NS3
1786;10;NS3
1787;11;NS3
1788;10;NS3
1789;10;NS3
1790;10;NS3
1791;10;NS3
1792;10;NS3
1793;10;NS3
1794;10;NS3
1795;9;NS3
1796;7;NS3
1797;7;NS3
1798;3;NS3
1799;4;NS3
1800;3;NS3
1801;3;NS3
1802;3;NS3
1803;3;NS3
1804;4;NS3
1805;4;NS3
1806;4;NS3
1807;3;NS3
1808;2;NS3
1809;2;NS3
1810;2;NS3
1811;3;NS3
1812;3;NS3
1813;4;NS3
1814;3;NS3
1815;4;NS3
1816;5;NS3
1817;5;NS3
1818;6;NS3
1819;6;NS3
1820;7;NS3
1821;6;NS3
1822;6;NS3
1823;5;NS3
1824;5;NS3
1825;3;NS3
1826;3;NS3
1827;4;NS3
1828;4;NS3
1829;3;NS3
1830;3;NS3
1831;3;NS3
1832;3;NS3
1833;3;NS3
1834;3;NS3
1835;3;NS3
1836;2;NS3
1837;1;NS3
1838;1;NS3
1839;1;NS3
1840;1;NS3
1841;1;NS3
1842;1;NS3
1843;1;NS3
1850;2;NS3
1851;2;NS3
1852;3;NS3
1853;3;NS3
1854;3;NS3
1855;3;NS3
1856;3;NS3
1857;3;NS3
1858;3;NS3
1859;3;NS3
1860;2;NS3
1861;2;NS3
1862;3;NS3
1863;3;NS3
1864;3;NS3
1865;2;NS3
1866;2;NS3
1867;2;NS3
1868;4;NS3
1869;4;NS3
1870;5;NS3
1871;4;NS3
1872;6;NS3
1873;7;NS3
1874;7;NS3
1875;7;NS3
1876;7;NS3
1877;5;NS3
1878;4;NS3
1879;3;NS3
1880;3;NS3
1881;3;NS3
1882;2;NS3
1883;2;NS3
1884;2;NS3
1885;4;NS3
1886;5;NS3
1887;5;NS3
1888;5;NS3
1889;5;NS3
1890;4;NS3
1891;4;NS3
1892;5;NS3
1893;5;NS3
1894;4;NS3
1895;4;NS3
1896;2;NS3
1897;2;NS3
1898;2;NS3
1899;2;NS3
1900;3;NS3
1901;2;NS3
1902;2;NS3
1903;2;NS3
1904;1;NS3
1905;1;NS3
1906;1;NS3
1907;1;NS3
1908;1;NS3
1914;1;NS3
1915;2;NS3
1916;2;NS3
1917;2;NS3
1918;2;NS3
1919;2;NS3
1920;2;NS3
1921;3;NS3
1922;3;NS3
1923;3;NS3
1924;1;NS3
1925;1;NS3
1926;1;NS3
1927;1;NS3
1928;3;NS3
1929;3;NS3
1930;2;NS3
1931;2;NS3
1932;3;NS3
1933;3;NS3
1934;3;NS3
1935;3;NS3
1936;3;NS3
1937;2;NS3
1938;2;NS3
1939;2;NS3
1940;3;NS3
1941;2;NS3
1942;2;NS3
1943;2;NS3
1944;2;NS3
1945;2;NS3
1946;3;NS3
1947;2;NS3
1948;2;NS3
1949;2;NS3
1950;2;NS3
1951;3;NS3
1952;3;NS3
1953;3;NS3
1954;3;NS3
1955;2;NS3
1956;2;NS3
1957;1;NS3
1958;1;NS3
1959;1;NS3
1973;1;NS3
1974;3;NS3
1975;3;NS3
1976;3;NS3
1977;3;NS3
1978;3;NS3
1979;4;NS3
1980;4;NS3
1981;5;NS3
1982;5;NS3
1983;3;NS3
1984;2;NS3
1985;2;NS3
1986;2;NS3
1987;2;NS3
1988;1;NS3
1989;3;NS3
1990;2;NS3
1991;3;NS3
1992;3;NS3
1993;3;NS3
1994;3;NS3
1995;4;NS3
1996;5;NS3
1997;5;NS3
1998;5;NS3
1999;4;NS3
2000;4;NS3
2001;4;NS3
2002;4;NS3
2003;4;NS3
2004;4;NS3
2005;3;NS3
2006;3;NS3
2007;3;NS3
2008;2;NS3
2009;3;NS3
2010;3;NS3
2011;2;NS3
2012;2;NS3
2013;2;NS3
2014;1;NS3
2015;1;NS3
2016;3;NS3
2017;3;NS3
2018;3;NS3
2019;3;NS3
2020;3;NS3
2021;4;NS3
2022;5;NS3
2023;6;NS3
2024;8;NS3
2025;7;NS3
2026;7;NS3
2027;8;NS3
2028;7;NS3
2029;8;NS3
2030;8;NS3
2031;7;NS3
2032;6;NS3
2033;4;NS3
2034;4;NS3
2035;4;NS3
2036;4;NS3
2037;3;NS3
2038;3;NS3
2039;1;NS3
2040;1;NS3
2041;1;NS3
2042;1;NS3
2043;1;NS3
2044;1;NS3
2045;2;NS3
2046;3;NS3
2047;5;NS3
2048;6;NS3
2049;7;NS3
2050;8;NS3
2051;9;NS3
2052;9;NS3
2053;9;NS3
2054;7;NS3
2055;7;NS3
2056;6;NS3
2057;4;NS3
2058;4;NS3
2059;2;NS3
2060;2;NS3
2061;2;NS3
2062;2;NS3
2063;2;NS3
2064;4;NS3
2065;4;NS3
2066;5;NS3
2067;6;NS3
2068;6;NS3
2069;6;NS3
2070;5;NS3
2071;5;NS3
2072;5;NS3
2073;6;NS3
2074;5;NS3
2075;4;NS3
2076;3;NS3
2077;5;NS3
2078;5;NS3
2079;6;NS3
2080;6;NS3
2081;6;NS3
2082;4;NS3
2083;4;NS3
2084;4;NS3
2085;5;NS3
2086;3;NS3
2087;3;NS3
2088;2;NS3
2089;2;NS3
2090;2;NS3
2091;3;NS3
2092;2;NS3
2093;2;NS4A
2094;3;NS4A
2095;2;NS4A
2096;3;NS4A
2097;4;NS4A
2098;5;NS4A
2099;8;NS4A
2100;10;NS4A
2101;11;NS4A
2102;11;NS4A
2103;12;NS4A
2104;13;NS4A
2105;13;NS4A
2106;11;NS4A
2107;12;NS4A
2108;13;NS4A
2109;12;NS4A
2110;10;NS4A
2111;10;NS4A
2112;10;NS4A
2113;10;NS4A
2114;10;NS4A
2115;10;NS4A
2116;8;NS4A
2117;7;NS4A
2118;5;NS4A
2119;4;NS4A
2120;5;NS4A
2121;5;NS4A
2122;5;NS4A
2123;5;NS4A
2124;7;NS4A
2125;9;NS4A
2126;9;NS4A
2127;8;NS4A
2128;7;NS4A
2129;4;NS4A
2130;5;NS4A
2131;5;NS4A
2132;7;NS4A
2133;7;NS4A
2134;3;NS4A
2135;4;NS4A
2136;5;NS4A
2137;5;NS4A
2138;6;NS4A
2139;6;NS4A
2140;8;NS4A
2141;7;NS4A
2142;8;NS4A
2143;8;NS4A
2144;10;NS4A
2145;9;NS4A
2146;11;NS4A
2147;11;NS4A
2148;11;NS4A
2149;11;NS4A
2150;10;NS4A
2151;10;NS4A
2152;10;NS4A
2153;9;NS4A
2154;8;NS4A
2155;10;NS4A
2156;10;NS4A
2157;9;NS4A
2158;9;NS4A
2159;10;NS4A
2160;9;NS4A
2161;8;NS4A
2162;8;NS4A
2163;8;NS4A
2164;5;NS4A
2165;3;NS4A
2166;2;NS4A
2167;2;NS4A
2168;2;NS4A
2169;1;NS4A
2170;1;NS4A
2172;4;NS4A
2173;6;NS4A
2174;7;NS4A
2175;8;NS4A
2176;9;NS4A
2177;9;NS4A
2178;10;NS4A
2179;11;NS4A
2180;13;NS4A
2181;12;NS4A
2182;12;NS4A
2183;9;NS4A
2184;9;NS4A
2185;9;NS4A
2186;9;NS4A
2187;8;NS4A
2188;9;NS4A
2189;7;NS4A
2190;6;NS4A
2191;5;NS4A
2192;5;NS4A
2193;7;NS4A
2194;7;NS4A
2195;8;NS4A
2196;8;NS4A
2197;6;NS4A
2198;6;NS4A
2199;5;NS4A
2200;5;NS4A
2201;7;NS4A
2202;5;NS4A
2203;4;NS4A
2204;4;NS4A
2205;4;NS4A
2206;5;NS4A
2207;5;NS4A
2208;5;NS4A
2209;5;NS4A
2210;2;NS4A
2211;1;NS4A
2212;1;NS4A
2213;1;NS4A
2214;1;NS4A
2215;1;NS4A
2219;1;NS4A
2220;2;NS4A
2221;2;NS4A
2222;2;NS4A
2223;3;NS4A
2224;5;NS4A
2225;8;NS4A
2226;10;NS4A
2227;13;NS4A
2228;17;NS4A
2229;15;NS4A
2230;16;NS4A
2231;17;NS4A
2232;18;NS4A
2233;18;NS4A
2234;16;NS4A
2235;16;NS4A
2236;17;NS4A
2237;15;NS4A
2238;13;NS4A
2239;12;NS4A
2240;10;NS4A
2241;6;NS4A
2242;5;NS4A
2243;4;NS4B
2244;4;NS4B
2245;4;NS4B
2246;4;NS4B
2247;4;NS4B
2248;5;NS4B
2249;5;NS4B
2250;6;NS4B
2251;5;NS4B
2252;6;NS4B
2253;6;NS4B
2254;7;NS4B
2255;8;NS4B
2256;8;NS4B
2257;9;NS4B
2258;10;NS4B
2259;8;NS4B
2260;8;NS4B
2261;8;NS4B
2262;8;NS4B
2263;10;NS4B
2264;11;NS4B
2265;12;NS4B
2266;12;NS4B
2267;10;NS4B
2268;10;NS4B
2269;9;NS4B
2270;9;NS4B
2271;9;NS4B
2272;8;NS4B
2273;6;NS4B
2274;6;NS4B
2275;6;NS4B
2276;5;NS4B
2277;7;NS4B
2278;8;NS4B
2279;9;NS4B
2280;8;NS4B
2281;7;NS4B
2282;7;NS4B
2283;7;NS4B
2284;8;NS4B
2285;7;NS4B
2286;7;NS4B
2287;5;NS4B
2288;4;NS4B
2289;4;NS4B
2290;5;NS4B
2291;5;NS4B
2292;4;NS4B
2293;4;NS4B
2294;4;NS4B
2295;5;NS4B
2296;5;NS4B
2297;6;NS4B
2298;6;NS4B
2299;6;NS4B
2300;6;NS4B
2301;6;NS4B
2302;5;NS4B
2303;4;NS4B
2304;4;NS4B
2305;2;NS4B
2306;1;NS4B
2307;2;NS4B
2308;1;NS4B
2309;2;NS4B
2310;3;NS4B
2311;3;NS4B
2312;3;NS4B
2313;3;NS4B
2314;3;NS4B
2315;3;NS4B
2316;2;NS4B
2317;2;NS4B
2318;1;NS4B
2319;1;NS4B
2321;1;NS4B
2322;1;NS4B
2323;2;NS4B
2324;2;NS4B
2325;3;NS4B
2326;3;NS4B
2327;3;NS4B
2328;3;NS4B
2329;4;NS4B
2330;5;NS4B
2331;4;NS4B
2332;6;NS4B
2333;6;NS4B
2334;6;NS4B
2335;7;NS4B
2336;7;NS4B
2337;8;NS4B
2338;8;NS4B
2339;6;NS4B
2340;6;NS4B
2341;6;NS4B
2342;6;NS4B
2343;6;NS4B
2344;8;NS4B
2345;10;NS4B
2346;16;NS4B
2347;17;NS4B
2348;19;NS4B
2349;20;NS4B
2350;21;NS4B
2351;20;NS4B
2352;21;NS4B
2353;21;NS4B
2354;21;NS4B
2355;19;NS4B
2356;16;NS4B
2357;14;NS4B
2358;12;NS4B
2359;9;NS4B
2360;6;NS4B
2361;2;NS4B
2362;2;NS4B
2363;1;NS4B
2364;1;NS4B
2365;1;NS4B
2366;1;NS4B
2367;1;NS4B
2368;1;NS4B
2389;1;NS4B
2390;2;NS4B
2391;3;NS4B
2392;3;NS4B
2393;4;NS4B
2394;4;NS4B
2395;5;NS4B
2396;5;NS4B
2397;6;NS4B
2398;6;NS4B
2399;5;NS4B
2400;3;NS4B
2401;3;NS4B
2402;3;NS4B
2403;3;NS4B
2404;2;NS4B
2405;4;NS4B
2406;3;NS4B
2407;3;NS4B
2408;2;NS4B
2409;2;NS4B
2410;3;NS4B
2411;4;NS4B
2412;4;NS4B
2413;4;NS4B
2414;3;NS4B
2415;3;NS4B
2416;3;NS4B
2417;4;NS4B
2418;4;NS4B
2419;5;NS4B
2420;7;NS4B
2421;8;NS4B
2422;8;NS4B
2423;8;NS4B
2424;9;NS4B
2425;8;NS4B
2426;9;NS4B
2427;12;NS4B
2428;11;NS4B
2429;10;NS4B
2430;7;NS4B
2431;8;NS4B
2432;10;NS4B
2433;9;NS4B
2434;11;NS4B
2435;13;NS4B
2436;13;NS4B
2437;13;NS4B
2438;15;NS4B
2439;15;NS4B
2440;15;NS4B
2441;12;NS4B
2442;8;NS4B
2443;8;NS4B
2444;6;NS4B
2445;2;NS4B
2446;2;NS4B
2447;2;NS4B
2449;1;NS4B
2450;1;NS4B
2451;1;NS4B
2452;1;NS4B
2453;2;NS4B
2454;3;NS4B
2455;4;NS4B
2456;6;NS4B
2457;7;NS4B
2458;7;NS4B
2459;8;NS4B
2460;9;NS4B
2461;9;NS4B
2462;9;NS4B
2463;9;NS4B
2464;6;NS4B
2465;5;NS4B
2466;3;NS4B
2467;3;NS4B
2468;3;NS4B
2469;1;NS4B
2470;1;NS4B
2471;1;NS4B
2472;1;NS4B
2473;2;NS4B
2474;3;NS4B
2475;4;NS4B
2476;4;NS4B
2477;3;NS4B
2478;4;NS4B
2479;4;NS4B
2480;4;NS4B
2481;4;NS4B
2482;4;NS4B
2483;4;NS4B
2484;6;NS4B
2485;6;NS4B
2486;6;NS4B
2487;5;NS4B
2488;4;NS5
2489;3;NS5
2490;2;NS5
2491;2;NS5
2492;2;NS5
2493;1;NS5
2498;1;NS5
2499;2;NS5
2500;2;NS5
2501;2;NS5
2502;2;NS5
2503;2;NS5
2504;2;NS5
2505;2;NS5
2506;3;NS5
2507;3;NS5
2508;1;NS5
2509;1;NS5
2510;1;NS5
2511;1;NS5
2512;4;NS5
2513;5;NS5
2514;5;NS5
2515;5;NS5
2516;4;NS5
2517;4;NS5
2518;4;NS5
2519;4;NS5
2520;4;NS5
2521;3;NS5
2522;1;NS5
2523;1;NS5
2524;1;NS5
2525;2;NS5
2526;2;NS5
2527;1;NS5
2528;1;NS5
2529;1;NS5
2530;1;NS5
2531;1;NS5
2532;1;NS5
2533;1;NS5
2545;1;NS5
2546;2;NS5
2547;2;NS5
2548;2;NS5
2549;2;NS5
2550;2;NS5
2551;2;NS5
2552;2;NS5
2553;2;NS5
2554;2;NS5
2555;1;NS5
2557;1;NS5
2558;2;NS5
2559;3;NS5
2560;3;NS5
2561;3;NS5
2562;3;NS5
2563;3;NS5
2564;3;NS5
2565;3;NS5
2566;2;NS5
2567;2;NS5
2574;1;NS5
2575;1;NS5
2576;3;NS5
2577;3;NS5
2578;3;NS5
2579;4;NS5
2580;4;NS5
2581;4;NS5
2582;4;NS5
2583;4;NS5
2584;4;NS5
2585;3;NS5
2586;2;NS5
2587;2;NS5
2588;2;NS5
2589;1;NS5
2590;1;NS5
2591;1;NS5
2592;1;NS5
2604;1;NS5
2605;1;NS5
2606;1;NS5
2607;1;NS5
2608;1;NS5
2609;1;NS5
2610;1;NS5
2611;1;NS5
2612;3;NS5
2613;3;NS5
2614;4;NS5
2615;4;NS5
2616;4;NS5
2617;4;NS5
2618;4;NS5
2619;4;NS5
2620;4;NS5
2621;3;NS5
2622;1;NS5
2635;1;NS5
2636;2;NS5
2637;2;NS5
2638;2;NS5
2639;2;NS5
2640;2;NS5
2641;2;NS5
2642;2;NS5
2643;2;NS5
2644;1;NS5
2645;1;NS5
2653;1;NS5
2654;2;NS5
2655;2;NS5
2656;3;NS5
2657;4;NS5
2658;4;NS5
2659;4;NS5
2660;5;NS5
2661;5;NS5
2662;6;NS5
2663;4;NS5
2664;5;NS5
2665;5;NS5
2666;3;NS5
2667;3;NS5
2668;4;NS5
2669;4;NS5
2670;4;NS5
2671;3;NS5
2672;4;NS5
2673;5;NS5
2674;5;NS5
2675;5;NS5
2676;6;NS5
2677;6;NS5
2678;4;NS5
2679;4;NS5
2680;4;NS5
2681;4;NS5
2682;2;NS5
2683;3;NS5
2684;3;NS5
2685;2;NS5
2686;2;NS5
2687;2;NS5
2688;2;NS5
2689;4;NS5
2690;4;NS5
2691;4;NS5
2692;4;NS5
2693;2;NS5
2694;2;NS5
2695;2;NS5
2696;2;NS5
2697;2;NS5
2698;3;NS5
2699;1;NS5
2700;1;NS5
2701;1;NS5
2702;1;NS5
2703;2;NS5
2704;2;NS5
2705;2;NS5
2706;2;NS5
2707;2;NS5
2708;2;NS5
2709;2;NS5
2710;3;NS5
2711;3;NS5
2712;2;NS5
2713;3;NS5
2714;3;NS5
2715;4;NS5
2716;5;NS5
2717;5;NS5
2718;5;NS5
2719;5;NS5
2720;5;NS5
2721;7;NS5
2722;7;NS5
2723;7;NS5
2724;9;NS5
2725;8;NS5
2726;8;NS5
2727;8;NS5
2728;7;NS5
2729;7;NS5
2730;6;NS5
2731;7;NS5
2732;7;NS5
2733;8;NS5
2734;6;NS5
2735;6;NS5
2736;4;NS5
2737;4;NS5
2738;4;NS5
2739;3;NS5
2740;1;NS5
2741;1;NS5
2757;1;NS5
2758;2;NS5
2759;2;NS5
2760;2;NS5
2761;3;NS5
2762;4;NS5
2763;5;NS5
2764;5;NS5
2765;5;NS5
2766;5;NS5
2767;5;NS5
2768;5;NS5
2769;5;NS5
2770;5;NS5
2771;3;NS5
2772;2;NS5
2773;2;NS5
2774;2;NS5
2775;2;NS5
2776;2;NS5
2777;2;NS5
2778;2;NS5
2779;3;NS5
2780;3;NS5
2781;4;NS5
2782;2;NS5
2783;3;NS5
2784;4;NS5
2785;4;NS5
2786;4;NS5
2787;4;NS5
2788;4;NS5
2789;4;NS5
2790;5;NS5
2791;4;NS5
2792;4;NS5
2793;2;NS5
2794;2;NS5
2795;2;NS5
2796;2;NS5
2797;1;NS5
2798;2;NS5
2799;1;NS5
2800;1;NS5
2801;1;NS5
2802;1;NS5
2803;1;NS5
2804;1;NS5
2805;1;NS5
2806;2;NS5
2807;2;NS5
2808;1;NS5
2809;1;NS5
2810;1;NS5
2811;1;NS5
2812;1;NS5
2813;2;NS5
2814;2;NS5
2815;1;NS5
2816;1;NS5
2817;1;NS5
2818;1;NS5
2819;1;NS5
2820;2;NS5
2821;2;NS5
2822;2;NS5
2823;2;NS5
2824;3;NS5
2825;3;NS5
2826;3;NS5
2827;4;NS5
2828;5;NS5
2829;4;NS5
2830;5;NS5
2831;4;NS5
2832;5;NS5
2833;6;NS5
2834;7;NS5
2835;7;NS5
2836;7;NS5
2837;5;NS5
2838;5;NS5
2839;4;NS5
2840;4;NS5
2841;2;NS5
2842;1;NS5
2850;1;NS5
2851;1;NS5
2852;3;NS5
2853;4;NS5
2854;4;NS5
2855;5;NS5
2856;6;NS5
2857;7;NS5
2858;8;NS5
2859;10;NS5
2860;9;NS5
2861;9;NS5
2862;8;NS5
2863;10;NS5
2864;10;NS5
2865;10;NS5
2866;11;NS5
2867;11;NS5
2868;8;NS5
2869;7;NS5
2870;6;NS5
2871;5;NS5
2872;3;NS5
2873;2;NS5
2874;3;NS5
2875;3;NS5
2876;3;NS5
2877;6;NS5
2878;6;NS5
2879;6;NS5
2880;5;NS5
2881;5;NS5
2882;5;NS5
2883;6;NS5
2884;6;NS5
2885;6;NS5
2886;5;NS5
2887;5;NS5
2888;5;NS5
2889;6;NS5
2890;5;NS5
2891;6;NS5
2892;6;NS5
2893;6;NS5
2894;6;NS5
2895;6;NS5
2896;5;NS5
2897;6;NS5
2898;6;NS5
2899;5;NS5
2900;5;NS5
2901;4;NS5
2902;3;NS5
2903;3;NS5
2904;2;NS5
2905;2;NS5
2906;3;NS5
2907;1;NS5
2908;2;NS5
2909;2;NS5
2910;4;NS5
2911;5;NS5
2912;5;NS5
2913;5;NS5
2914;5;NS5
2915;5;NS5
2916;4;NS5
2917;5;NS5
2918;4;NS5
2919;4;NS5
2920;2;NS5
2921;2;NS5
2922;2;NS5
2923;2;NS5
2924;2;NS5
2925;2;NS5
2926;2;NS5
2927;1;NS5
2928;1;NS5
2930;1;NS5
2931;1;NS5
2932;1;NS5
2933;1;NS5
2934;2;NS5
2935;3;NS5
2936;4;NS5
2937;5;NS5
2938;5;NS5
2939;5;NS5
2940;4;NS5
2941;5;NS5
2942;5;NS5
2943;4;NS5
2944;4;NS5
2945;4;NS5
2946;3;NS5
2947;3;NS5
2948;4;NS5
2949;5;NS5
2950;3;NS5
2951;3;NS5
2952;3;NS5
2953;3;NS5
2954;5;NS5
2955;5;NS5
2956;6;NS5
2957;6;NS5
2958;7;NS5
2959;7;NS5
2960;6;NS5
2961;6;NS5
2962;6;NS5
2963;5;NS5
2964;3;NS5
2965;3;NS5
2966;1;NS5
2969;1;NS5
2970;2;NS5
2971;2;NS5
2972;2;NS5
2973;2;NS5
2974;2;NS5
2975;2;NS5
2976;2;NS5
2977;2;NS5
2978;3;NS5
2979;2;NS5
2980;1;NS5
2981;1;NS5
2982;1;NS5
2983;1;NS5
2984;1;NS5
2985;1;NS5
2986;1;NS5
2987;1;NS5
2994;1;NS5
2995;1;NS5
2996;2;NS5
2997;2;NS5
2998;2;NS5
2999;2;NS5
3000;2;NS5
3001;3;NS5
3002;4;NS5
3003;3;NS5
3004;3;NS5
3005;2;NS5
3006;2;NS5
3007;3;NS5
3008;3;NS5
3009;3;NS5
3010;2;NS5
3011;2;NS5
3012;2;NS5
3013;2;NS5
3014;2;NS5
3015;2;NS5
3016;3;NS5
3017;2;NS5
3018;2;NS5
3019;2;NS5
3020;2;NS5
3021;3;NS5
3022;3;NS5
3023;3;NS5
3024;3;NS5
3025;3;NS5
3026;1;NS5
3027;1;NS5
3028;1;NS5
3029;1;NS5
3030;2;NS5
3031;2;NS5
3032;2;NS5
3033;2;NS5
3034;2;NS5
3035;2;NS5
3036;3;NS5
3037;3;NS5
3038;3;NS5
3039;3;NS5
3040;1;NS5
3041;2;NS5
3042;3;NS5
3043;4;NS5
3044;4;NS5
3045;4;NS5
3046;5;NS5
3047;5;NS5
3048;5;NS5
3049;7;NS5
3050;9;NS5
3051;9;NS5
3052;7;NS5
3053;8;NS5
3054;9;NS5
3055;8;NS5
3056;8;NS5
3057;8;NS5
3058;7;NS5
3059;8;NS5
3060;11;NS5
3061;10;NS5
3062;10;NS5
3063;10;NS5
3064;9;NS5
3065;8;NS5
3066;8;NS5
3067;8;NS5
3068;7;NS5
3069;7;NS5
3070;6;NS5
3071;10;NS5
3072;10;NS5
3073;10;NS5
3074;9;NS5
3075;8;NS5
3076;8;NS5
3077;8;NS5
3078;6;NS5
3079;5;NS5
3080;3;NS5
3081;1;NS5
3082;1;NS5
3083;1;NS5
3091;1;NS5
3092;1;NS5
3093;2;NS5
3094;2;NS5
3095;3;NS5
3096;3;NS5
3097;3;NS5
3098;3;NS5
3099;3;NS5
3100;3;NS5
3101;3;NS5
3102;4;NS5
3103;4;NS5
3104;4;NS5
3105;4;NS5
3106;3;NS5
3107;3;NS5
3108;2;NS5
3109;2;NS5
3110;2;NS5
3111;1;NS5
3112;2;NS5
3113;2;NS5
3114;2;NS5
3115;2;NS5
3116;2;NS5
3117;2;NS5
3118;2;NS5
3119;2;NS5
3120;1;NS5
3121;1;NS5
3133;1;NS5
3134;1;NS5
3135;1;NS5
3136;1;NS5
3137;1;NS5
3138;1;NS5
3139;1;NS5
3140;1;NS5
3141;1;NS5
3142;1;NS5
3146;1;NS5
3147;1;NS5
3148;1;NS5
3149;1;NS5
3150;1;NS5
3151;1;NS5
3152;2;NS5
3153;2;NS5
3154;2;NS5
3155;2;NS5
3156;3;NS5
3157;3;NS5
3158;4;NS5
3159;5;NS5
3160;5;NS5
3161;8;NS5
3162;8;NS5
3163;8;NS5
3164;8;NS5
3165;9;NS5
3166;11;NS5
3167;11;NS5
3168;11;NS5
3169;10;NS5
3170;8;NS5
3171;7;NS5
3172;8;NS5
3173;6;NS5
3174;6;NS5
3175;4;NS5
3176;3;NS5
3177;3;NS5
3178;3;NS5
3179;3;NS5
3180;3;NS5
3181;3;NS5
3182;4;NS5
3183;4;NS5
3184;4;NS5
3185;4;NS5
3186;3;NS5
3187;3;NS5
3188;3;NS5
3189;3;NS5
3190;3;NS5
3191;3;NS5
3192;2;NS5
3193;2;NS5
3194;2;NS5
3195;2;NS5
3196;2;NS5
3197;1;NS5
3198;1;NS5
3199;2;NS5
3200;3;NS5
3201;3;NS5
3202;4;NS5
3203;4;NS5
3204;4;NS5
3205;6;NS5
3206;6;NS5
3207;6;NS5
3208;6;NS5
3209;6;NS5
3210;6;NS5
3211;6;NS5
3212;6;NS5
3213;6;NS5
3214;4;NS5
3215;2;NS5
3216;2;NS5
3238;1;NS5
3239;1;NS5
3240;2;NS5
3241;3;NS5
3242;3;NS5
3243;3;NS5
3244;4;NS5
3245;4;NS5
3246;6;NS5
3247;6;NS5
3248;7;NS5
3249;7;NS5
3250;8;NS5
3251;8;NS5
3252;8;NS5
3253;7;NS5
3254;7;NS5
3255;5;NS5
3256;4;NS5
3257;4;NS5
3258;5;NS5
3259;5;NS5
3260;5;NS5
3261;5;NS5
3262;6;NS5
3263;6;NS5
3264;6;NS5
3265;6;NS5
3266;6;NS5
3267;7;NS5
3268;7;NS5
3269;7;NS5
3270;7;NS5
3271;6;NS5
3272;4;NS5
3273;3;NS5
3274;3;NS5
3275;3;NS5
3276;2;NS5
3277;2;NS5
3278;2;NS5
3279;2;NS5
3280;2;NS5
3281;2;NS5
3282;2;NS5
3283;2;NS5
3284;1;NS5
3285;1;NS5
3292;2;NS5
3293;2;NS5
3294;2;NS5
3295;2;NS5
3296;2;NS5
3297;2;NS5
3298;2;NS5
3299;2;NS5
3300;2;NS5
3301;1;NS5
3302;1;NS5
3303;3;NS5
3304;4;NS5
3305;4;NS5
3306;4;NS5
3307;4;NS5
3308;4;NS5
3309;6;NS5
3310;6;NS5
3311;6;NS5
3312;8;NS5
3313;8;NS5
3314;7;NS5
3315;7;NS5
3316;8;NS5
3317;7;NS5
3318;6;NS5
3319;5;NS5
3320;5;NS5
3321;5;NS5
3322;3;NS5
3323;3;NS5
3324;4;NS5
3325;4;NS5
3326;4;NS5
3327;3;NS5
3328;2;NS5
3329;3;NS5
3330;5;NS5
3331;5;NS5
3332;5;NS5
3333;6;NS5
3334;5;NS5
3335;4;NS5
3336;4;NS5
3337;5;NS5
3338;6;NS5
3339;5;NS5
3340;6;NS5
3341;8;NS5
3342;8;NS5
3343;8;NS5
3344;8;NS5
3345;8;NS5
3346;8;NS5
3347;9;NS5
3348;6;NS5
3349;5;NS5
3350;5;NS5
3351;4;NS5
3352;5;NS5
3353;5;NS5
3354;5;NS5
3355;5;NS5
3356;3;NS5
3357;3;NS5
3358;3;NS5
3359;2;NS5
3360;1;NS5
3361;1;NS5
3364;1;NS5
3365;4;NS5
3366;5;NS5
3367;6;NS5
3368;9;NS5
3369;10;NS5
3370;10;NS5
3371;14;NS5
3372;14;NS5
3373;15;NS5
3374;13;NS5
3375;12;NS5
3376;12;NS5
3377;13;NS5
3378;12;NS5
3379;14;NS5
3380;12;NS5
3381;9;NS5
3382;8;NS5
3383;6;NS5
3384;5;NS5
3385;5;NS5
3386;4;NS5
3387;2;NS5